slug,photo_source,license,last_verified
kaani-village,unsplash-stock,unsplash-license,TBD
crystal-sands,unsplash-stock,unsplash-license,TBD
wave-sound-gulhi,unsplash-stock,unsplash-license,TBD
thundi-gulhi,unsplash-stock,unsplash-license,TBD
batuta-maldives,unsplash-stock,unsplash-license,TBD
ocean-life-thulusdhoo,unsplash-stock,unsplash-license,TBD
boutique-beach,unsplash-stock,unsplash-license,TBD
rasdhoo-inn,unsplash-stock,unsplash-license,TBD
velana-view-rasdhoo,unsplash-stock,unsplash-license,TBD
coral-heaven-ukulhas,unsplash-stock,unsplash-license,TBD
ukulhas-sand-dune,unsplash-stock,unsplash-license,TBD
hanifaru-transit-inn,unsplash-stock,unsplash-license,TBD
fuvahmulah-dive-school,unsplash-stock,unsplash-license,TBD
stream-fuvahmulah,unsplash-stock,unsplash-license,TBD
equator-village,unsplash-stock,unsplash-license,TBD
canareef-addu,unsplash-stock,unsplash-license,TBD
south-palm-addu,unsplash-stock,unsplash-license,TBD
sun-siyam-olhuveli,unsplash-stock,unsplash-license,TBD
crown-beach-hotel-maafushi,unsplash-stock,unsplash-license,TBD
arena-beach-hotel-maafushi,unsplash-stock,unsplash-license,TBD
stingray-beach-inn-maafushi,unsplash-stock,unsplash-license,TBD
kaani-beach-hotel-maafushi,unsplash-stock,unsplash-license,TBD
triton-beach-hotel-spa-maafushi,unsplash-stock,unsplash-license,TBD
thulusdhoo-inn,unsplash-stock,unsplash-license,TBD
season-paradise-thulusdhoo,unsplash-stock,unsplash-license,TBD
cokes-beach-maldives-thulusdhoo,unsplash-stock,unsplash-license,TBD
cyrus-beach-inn-dhigurah,unsplash-stock,unsplash-license,TBD
aveyla-manta-village-dhigurah,unsplash-stock,unsplash-license,TBD
dhigurah-retreat,unsplash-stock,unsplash-license,TBD
fulidhoo-inn-vaavu,unsplash-stock,unsplash-license,TBD
fulidhoo-sunrise-beach,unsplash-stock,unsplash-license,TBD
thundi-guesthouse-fulidhoo,unsplash-stock,unsplash-license,TBD
white-shell-island-hotel-gulhi,unsplash-stock,unsplash-license,TBD
lucky-hiya-maldives-mathiveri,unsplash-stock,unsplash-license,TBD
bliss-dhigurah,unsplash-stock,unsplash-license,TBD
ui-inn-hulhumale,unsplash-stock,unsplash-license,TBD
summer-island-maldives,unsplash-stock,unsplash-license,TBD
adaaran-select-hudhuranfushi,unsplash-stock,unsplash-license,TBD
reethi-beach-resort,unsplash-stock,unsplash-license,TBD
kuredu-island-resort,unsplash-stock,unsplash-license,TBD
meeru-island-resort,unsplash-stock,unsplash-license,TBD
vilamendhoo-island-resort,unsplash-stock,unsplash-license,TBD
embudu-village,unsplash-stock,unsplash-license,TBD
bandos-maldives,unsplash-stock,unsplash-license,TBD
vilu-reef-beach-resort,unsplash-stock,unsplash-license,TBD
holiday-island-resort,unsplash-stock,unsplash-license,TBD
ellaidhoo-maldives-by-cinnamon,unsplash-stock,unsplash-license,TBD
olhuveli-beach-spa,unsplash-stock,unsplash-license,TBD
eriyadu-island-resort,unsplash-stock,unsplash-license,TBD
adaaran-club-rannalhi,unsplash-stock,unsplash-license,TBD
fihalhohi-island-resort,unsplash-stock,unsplash-license,TBD
conrad-maldives-rangali-island,unsplash-stock,unsplash-license,TBD
niyama-private-islands,unsplash-stock,unsplash-license,TBD
constance-halaveli,unsplash-stock,unsplash-license,TBD
anantara-veli,unsplash-stock,unsplash-license,TBD
six-senses-laamu,unsplash-stock,unsplash-license,TBD
the-residence-dhigurah,unsplash-stock,unsplash-license,TBD
velaa-private-island,unsplash-stock,unsplash-license,TBD
baros-maldives,unsplash-stock,unsplash-license,TBD
kuramathi-island-resort,unsplash-stock,unsplash-license,TBD
constance-moofushi,unsplash-stock,unsplash-license,TBD
lily-beach-resort,unsplash-stock,unsplash-license,TBD
centara-grand-island-resort,unsplash-stock,unsplash-license,TBD
vakkaru-maldives,unsplash-stock,unsplash-license,TBD
coco-bodu-hithi,unsplash-stock,unsplash-license,TBD
the-sun-siyam-iru-fushi,unsplash-stock,unsplash-license,TBD
soneva-fushi,unsplash-stock,unsplash-license,TBD
soneva-jani,unsplash-stock,unsplash-license,TBD
cheval-blanc-randheli,unsplash-stock,unsplash-license,TBD
waldorf-astoria-maldives-ithaafushi,unsplash-stock,unsplash-license,TBD
one-and-only-reethi-rah,unsplash-stock,unsplash-license,TBD
joali-maldives,unsplash-stock,unsplash-license,TBD
joali-being,unsplash-stock,unsplash-license,TBD
four-seasons-resort-landaa-giraavaru,unsplash-stock,unsplash-license,TBD
four-seasons-resort-kuda-huraa,unsplash-stock,unsplash-license,TBD
the-st-regis-maldives-vommuli,unsplash-stock,unsplash-license,TBD
